{
  "images" : [
    {
      "idiom" : "universal",
      "filename" : "metadata-sdh_20x12_@1x.png",
      "scale" : "1x"
    },
    {
      "idiom" : "universal",
      "filename" : "metadata-sdh_20x12_@2x.png",
      "scale" : "2x"
    },
    {
      "idiom" : "universal",
      "filename" : "metadata-sdh_20x12_@3x.png",
      "scale" : "3x"
    },
    {
      "idiom" : "tv",
      "filename" : "metadata-sdh_20x12_@2x-1.png",
      "scale" : "1x"
    },
    {
      "idiom" : "tv",
      "scale" : "2x"
    }
  ],
  "info" : {
    "version" : 1,
    "author" : "xcode"
  }
}