{
  "images" : [
    {
      "idiom" : "universal",
      "filename" : "PlayButton_23x25_@1x.png",
      "scale" : "1x"
    },
    {
      "idiom" : "universal",
      "filename" : "PlayButton_23x25_@2x.png",
      "scale" : "2x"
    },
    {
      "idiom" : "universal",
      "filename" : "PlayButton_23x25_@3x.png",
      "scale" : "3x"
    },
    {
      "idiom" : "tv",
      "filename" : "button-play.png",
      "scale" : "1x"
    },
    {
      "idiom" : "tv",
      "scale" : "2x"
    }
  ],
  "info" : {
    "version" : 1,
    "author" : "xcode"
  },
  "properties" : {
    "template-rendering-intent" : "template"
  }
}