{
  "images" : [
    {
      "idiom" : "universal",
      "filename" : "Badge_MPAA_G.png",
      "scale" : "1x"
    },
    {
      "idiom" : "universal",
      "filename" : "Badge_MPAA_G@2x.png",
      "scale" : "2x"
    },
    {
      "idiom" : "universal",
      "filename" : "Badge_MPAA_G@3x.png",
      "scale" : "3x"
    },
    {
      "idiom" : "tv",
      "filename" : "Badge_MPAA_G@2x-1.png",
      "scale" : "1x"
    },
    {
      "idiom" : "tv",
      "scale" : "2x"
    }
  ],
  "info" : {
    "version" : 1,
    "author" : "xcode"
  }
}